<?xml version="1.0" encoding="UTF-8" standalone="yes"?>
<addon id="repository.tikipeter" name="kodibit" version="0.0.1" provider-name="Dtowle87">
    <extension point="xbmc.addon.repository" name="Example Repository">
        <dir>
            <info compressed="false">https://raw.githubusercontent.com/Dtowle87/kodibit/master/repo/zips/addons.xml</info>
            <checksum>https://raw.githubusercontent.com/Dtowle87/kodibit/master/repo/zips/addons.xml.md5</checksum>
            <datadir zip="true">https://raw.githubusercontent.com/Dtowle87/kodibit/master/repo/zips/</datadir>
        </dir>
    </extension>
    <extension point="xbmc.addon.metadata">
        <summary>kodibit</summary>
        <description>Helping the boys</description>
        <disclaimer></disclaimer>
        <platform>all</platform>
        <assets>
            <icon>icon.png</icon>
            <fanart>fanart.jpg</fanart>
        </assets>
    </extension>
</addon>
